Character,Path,Level,File,Offset,Value (Hex),EXP to Add
Sora,Midday,2,btltbl.bin,3C60,1200,18
Sora,Midday,3,btltbl.bin,3C62,1800,24
Sora,Midday,4,btltbl.bin,3C64,2100,33
Sora,Midday,5,btltbl.bin,3C66,2D00,45
Sora,Midday,6,btltbl.bin,3C68,3E00,62
Sora,Midday,7,btltbl.bin,3C6A,5400,84
Sora,Midday,8,btltbl.bin,3C6C,6E00,110
Sora,Midday,9,btltbl.bin,3C6E,9600,150
Sora,Midday,10,btltbl.bin,3C70,9600,150
Sora,Midday,11,btltbl.bin,3C72,9600,150
Sora,Midday,12,btltbl.bin,3C74,D200,210
Sora,Midday,13,btltbl.bin,3C76,D200,210
Sora,Midday,14,btltbl.bin,3C78,D200,210
Sora,Midday,15,btltbl.bin,3C7A,2201,290
Sora,Midday,16,btltbl.bin,3C7C,2201,290
Sora,Midday,17,btltbl.bin,3C7E,2201,290
Sora,Midday,18,btltbl.bin,3C80,9001,400
Sora,Midday,19,btltbl.bin,3C82,9001,400
Sora,Midday,20,btltbl.bin,3C84,9001,400
Sora,Midday,21,btltbl.bin,3C86,1C02,540
Sora,Midday,22,btltbl.bin,3C88,1C02,540
Sora,Midday,23,btltbl.bin,3C8A,1C02,540
Sora,Midday,24,btltbl.bin,3C8C,E402,740
Sora,Midday,25,btltbl.bin,3C8E,E402,740
Sora,Midday,26,btltbl.bin,3C90,E402,740
Sora,Midday,27,btltbl.bin,3C92,E803,1000
Sora,Midday,28,btltbl.bin,3C94,E803,1000
Sora,Midday,29,btltbl.bin,3C96,E803,1000
Sora,Midday,30,btltbl.bin,3C98,1405,1300
Sora,Midday,31,btltbl.bin,3C9A,1405,1300
Sora,Midday,32,btltbl.bin,3C9C,1405,1300
Sora,Midday,33,btltbl.bin,3C9E,0807,1800
Sora,Midday,34,btltbl.bin,3CA0,0807,1800
Sora,Midday,35,btltbl.bin,3CA2,0807,1800
Sora,Midday,36,btltbl.bin,3CA4,C409,2500
Sora,Midday,37,btltbl.bin,3CA6,C409,2500
Sora,Midday,38,btltbl.bin,3CA8,C409,2500
Sora,Midday,39,btltbl.bin,3CAA,AC0D,3500
Sora,Midday,40,btltbl.bin,3CAC,AC0D,3500
Sora,Midday,41,btltbl.bin,3CAE,AC0D,3500
Sora,Midday,42,btltbl.bin,3CB0,5C12,4700
Sora,Midday,43,btltbl.bin,3CB2,5C12,4700
Sora,Midday,44,btltbl.bin,3CB4,5C12,4700
Sora,Midday,45,btltbl.bin,3CB6,6419,6500
Sora,Midday,46,btltbl.bin,3CB8,6419,6500
Sora,Midday,47,btltbl.bin,3CBA,6419,6500
Sora,Midday,48,btltbl.bin,3CBC,C422,8900
Sora,Midday,49,btltbl.bin,3CBE,C422,8900
Sora,Midday,50,btltbl.bin,3CC0,C422,8900
Sora,Midday,51,btltbl.bin,3CC2,442F,12100
Sora,Midday,52,btltbl.bin,3CC4,442F,12100
Sora,Midday,53,btltbl.bin,3CC6,442F,12100
Sora,Midday,54,btltbl.bin,3CC8,7440,16500
Sora,Midday,55,btltbl.bin,3CCA,7440,16500
Sora,Midday,56,btltbl.bin,3CCC,7440,16500
Sora,Midday,57,btltbl.bin,3CCE,5046,18000
Sora,Midday,58,btltbl.bin,3CD0,5046,18000
Sora,Midday,59,btltbl.bin,3CD2,5046,18000
Sora,Midday,60,btltbl.bin,3CD4,5046,18000
Sora,Midday,61,btltbl.bin,3CD6,5046,18000
Sora,Midday,62,btltbl.bin,3CD8,5046,18000
Sora,Midday,63,btltbl.bin,3CDA,5046,18000
Sora,Midday,64,btltbl.bin,3CDC,5046,18000
Sora,Midday,65,btltbl.bin,3CDE,5046,18000
Sora,Midday,66,btltbl.bin,3CE0,5046,18000
Sora,Midday,67,btltbl.bin,3CE2,5046,18000
Sora,Midday,68,btltbl.bin,3CE4,5046,18000
Sora,Midday,69,btltbl.bin,3CE6,5046,18000
Sora,Midday,70,btltbl.bin,3CE8,5046,18000
Sora,Midday,71,btltbl.bin,3CEA,5046,18000
Sora,Midday,72,btltbl.bin,3CEC,5046,18000
Sora,Midday,73,btltbl.bin,3CEE,5046,18000
Sora,Midday,74,btltbl.bin,3CF0,5046,18000
Sora,Midday,75,btltbl.bin,3CF2,5046,18000
Sora,Midday,76,btltbl.bin,3CF4,5046,18000
Sora,Midday,77,btltbl.bin,3CF6,5046,18000
Sora,Midday,78,btltbl.bin,3CF8,5046,18000
Sora,Midday,79,btltbl.bin,3CFA,5046,18000
Sora,Midday,80,btltbl.bin,3CFC,5046,18000
Sora,Midday,81,btltbl.bin,3CFE,5046,18000
Sora,Midday,82,btltbl.bin,3D00,5046,18000
Sora,Midday,83,btltbl.bin,3D02,5046,18000
Sora,Midday,84,btltbl.bin,3D04,5046,18000
Sora,Midday,85,btltbl.bin,3D06,5046,18000
Sora,Midday,86,btltbl.bin,3D08,5046,18000
Sora,Midday,87,btltbl.bin,3D0A,5046,18000
Sora,Midday,88,btltbl.bin,3D0C,5046,18000
Sora,Midday,89,btltbl.bin,3D0E,5046,18000
Sora,Midday,90,btltbl.bin,3D10,5046,18000
Sora,Midday,91,btltbl.bin,3D12,5046,18000
Sora,Midday,92,btltbl.bin,3D14,5046,18000
Sora,Midday,93,btltbl.bin,3D16,5046,18000
Sora,Midday,94,btltbl.bin,3D18,5046,18000
Sora,Midday,95,btltbl.bin,3D1A,5046,18000
Sora,Midday,96,btltbl.bin,3D1C,5046,18000
Sora,Midday,97,btltbl.bin,3D1E,5046,18000
Sora,Midday,98,btltbl.bin,3D20,5046,18000
Sora,Midday,99,btltbl.bin,3D22,5046,18000
Sora,Midday,100,btltbl.bin,3D24,5046,18000
Sora,Dawn,2,btltbl.bin,3D28,0C00,12
Sora,Dawn,3,btltbl.bin,3D2A,1000,16
Sora,Dawn,4,btltbl.bin,3D2C,1700,23
Sora,Dawn,5,btltbl.bin,3D2E,2100,33
Sora,Dawn,6,btltbl.bin,3D30,2E00,46
Sora,Dawn,7,btltbl.bin,3D32,4100,65
Sora,Dawn,8,btltbl.bin,3D34,5B00,91
Sora,Dawn,9,btltbl.bin,3D36,7800,120
Sora,Dawn,10,btltbl.bin,3D38,7800,120
Sora,Dawn,11,btltbl.bin,3D3A,7800,120
Sora,Dawn,12,btltbl.bin,3D3C,B400,180
Sora,Dawn,13,btltbl.bin,3D3E,B400,180
Sora,Dawn,14,btltbl.bin,3D40,B400,180
Sora,Dawn,15,btltbl.bin,3D42,FA00,250
Sora,Dawn,16,btltbl.bin,3D44,FA00,250
Sora,Dawn,17,btltbl.bin,3D46,FA00,250
Sora,Dawn,18,btltbl.bin,3D48,5E01,350
Sora,Dawn,19,btltbl.bin,3D4A,5E01,350
Sora,Dawn,20,btltbl.bin,3D4C,5E01,350
Sora,Dawn,21,btltbl.bin,3D4E,F401,500
Sora,Dawn,22,btltbl.bin,3D50,F401,500
Sora,Dawn,23,btltbl.bin,3D52,F401,500
Sora,Dawn,24,btltbl.bin,3D54,BC02,700
Sora,Dawn,25,btltbl.bin,3D56,BC02,700
Sora,Dawn,26,btltbl.bin,3D58,BC02,700
Sora,Dawn,27,btltbl.bin,3D5A,DE03,990
Sora,Dawn,28,btltbl.bin,3D5C,DE03,990
Sora,Dawn,29,btltbl.bin,3D5E,DE03,990
Sora,Dawn,30,btltbl.bin,3D60,1405,1300
Sora,Dawn,31,btltbl.bin,3D62,1405,1300
Sora,Dawn,32,btltbl.bin,3D64,1405,1300
Sora,Dawn,33,btltbl.bin,3D66,6C07,1900
Sora,Dawn,34,btltbl.bin,3D68,6C07,1900
Sora,Dawn,35,btltbl.bin,3D6A,6C07,1900
Sora,Dawn,36,btltbl.bin,3D6C,8C0A,2700
Sora,Dawn,37,btltbl.bin,3D6E,8C0A,2700
Sora,Dawn,38,btltbl.bin,3D70,8C0A,2700
Sora,Dawn,39,btltbl.bin,3D72,D80E,3800
Sora,Dawn,40,btltbl.bin,3D74,D80E,3800
Sora,Dawn,41,btltbl.bin,3D76,D80E,3800
Sora,Dawn,42,btltbl.bin,3D78,1815,5400
Sora,Dawn,43,btltbl.bin,3D7A,1815,5400
Sora,Dawn,44,btltbl.bin,3D7C,1815,5400
Sora,Dawn,45,btltbl.bin,3D7E,4C1D,7500
Sora,Dawn,46,btltbl.bin,3D80,4C1D,7500
Sora,Dawn,47,btltbl.bin,3D82,4C1D,7500
Sora,Dawn,48,btltbl.bin,3D84,6829,10600
Sora,Dawn,49,btltbl.bin,3D86,6829,10600
Sora,Dawn,50,btltbl.bin,3D88,6829,10600
Sora,Dawn,51,btltbl.bin,3D8A,343A,14900
Sora,Dawn,52,btltbl.bin,3D8C,343A,14900
Sora,Dawn,53,btltbl.bin,3D8E,343A,14900
Sora,Dawn,54,btltbl.bin,3D90,5046,18000
Sora,Dawn,55,btltbl.bin,3D92,5046,18000
Sora,Dawn,56,btltbl.bin,3D94,5046,18000
Sora,Dawn,57,btltbl.bin,3D96,5046,18000
Sora,Dawn,58,btltbl.bin,3D98,5046,18000
Sora,Dawn,59,btltbl.bin,3D9A,5046,18000
Sora,Dawn,60,btltbl.bin,3D9C,5046,18000
Sora,Dawn,61,btltbl.bin,3D9E,5046,18000
Sora,Dawn,62,btltbl.bin,3DA0,5046,18000
Sora,Dawn,63,btltbl.bin,3DA2,5046,18000
Sora,Dawn,64,btltbl.bin,3DA4,5046,18000
Sora,Dawn,65,btltbl.bin,3DA6,5046,18000
Sora,Dawn,66,btltbl.bin,3DA8,5046,18000
Sora,Dawn,67,btltbl.bin,3DAA,5046,18000
Sora,Dawn,68,btltbl.bin,3DAC,5046,18000
Sora,Dawn,69,btltbl.bin,3DAE,5046,18000
Sora,Dawn,70,btltbl.bin,3DB0,5046,18000
Sora,Dawn,71,btltbl.bin,3DB2,5046,18000
Sora,Dawn,72,btltbl.bin,3DB4,5046,18000
Sora,Dawn,73,btltbl.bin,3DB6,5046,18000
Sora,Dawn,74,btltbl.bin,3DB8,5046,18000
Sora,Dawn,75,btltbl.bin,3DBA,5046,18000
Sora,Dawn,76,btltbl.bin,3DBC,5046,18000
Sora,Dawn,77,btltbl.bin,3DBE,5046,18000
Sora,Dawn,78,btltbl.bin,3DC0,5046,18000
Sora,Dawn,79,btltbl.bin,3DC2,5046,18000
Sora,Dawn,80,btltbl.bin,3DC4,5046,18000
Sora,Dawn,81,btltbl.bin,3DC6,5046,18000
Sora,Dawn,82,btltbl.bin,3DC8,5046,18000
Sora,Dawn,83,btltbl.bin,3DCA,5046,18000
Sora,Dawn,84,btltbl.bin,3DCC,5046,18000
Sora,Dawn,85,btltbl.bin,3DCE,5046,18000
Sora,Dawn,86,btltbl.bin,3DD0,5046,18000
Sora,Dawn,87,btltbl.bin,3DD2,5046,18000
Sora,Dawn,88,btltbl.bin,3DD4,5046,18000
Sora,Dawn,89,btltbl.bin,3DD6,5046,18000
Sora,Dawn,90,btltbl.bin,3DD8,5046,18000
Sora,Dawn,91,btltbl.bin,3DDA,5046,18000
Sora,Dawn,92,btltbl.bin,3DDC,5046,18000
Sora,Dawn,93,btltbl.bin,3DDE,5046,18000
Sora,Dawn,94,btltbl.bin,3DE0,5046,18000
Sora,Dawn,95,btltbl.bin,3DE2,5046,18000
Sora,Dawn,96,btltbl.bin,3DE4,5046,18000
Sora,Dawn,97,btltbl.bin,3DE6,5046,18000
Sora,Dawn,98,btltbl.bin,3DE8,5046,18000
Sora,Dawn,99,btltbl.bin,3DEA,5046,18000
Sora,Dawn,100,btltbl.bin,3DEC,5046,18000
Sora,Dusk,2,btltbl.bin,3DF0,1900,25
Sora,Dusk,3,btltbl.bin,3DF2,2100,33
Sora,Dusk,4,btltbl.bin,3DF4,2C00,44
Sora,Dusk,5,btltbl.bin,3DF6,3A00,58
Sora,Dusk,6,btltbl.bin,3DF8,4E00,78
Sora,Dusk,7,btltbl.bin,3DFA,6400,100
Sora,Dusk,8,btltbl.bin,3DFC,8200,130
Sora,Dusk,9,btltbl.bin,3DFE,B400,180
Sora,Dusk,10,btltbl.bin,3E00,B400,180
Sora,Dusk,11,btltbl.bin,3E02,B400,180
Sora,Dusk,12,btltbl.bin,3E04,F000,240
Sora,Dusk,13,btltbl.bin,3E06,F000,240
Sora,Dusk,14,btltbl.bin,3E08,F000,240
Sora,Dusk,15,btltbl.bin,3E0A,4001,320
Sora,Dusk,16,btltbl.bin,3E0C,4001,320
Sora,Dusk,17,btltbl.bin,3E0E,4001,320
Sora,Dusk,18,btltbl.bin,3E10,AE01,430
Sora,Dusk,19,btltbl.bin,3E12,AE01,430
Sora,Dusk,20,btltbl.bin,3E14,AE01,430
Sora,Dusk,21,btltbl.bin,3E16,4402,580
Sora,Dusk,22,btltbl.bin,3E18,4402,580
Sora,Dusk,23,btltbl.bin,3E1A,4402,580
Sora,Dusk,24,btltbl.bin,3E1C,0203,770
Sora,Dusk,25,btltbl.bin,3E1E,0203,770
Sora,Dusk,26,btltbl.bin,3E20,0203,770
Sora,Dusk,27,btltbl.bin,3E22,E803,1000
Sora,Dusk,28,btltbl.bin,3E24,E803,1000
Sora,Dusk,29,btltbl.bin,3E26,E803,1000
Sora,Dusk,30,btltbl.bin,3E28,1405,1300
Sora,Dusk,31,btltbl.bin,3E2A,1405,1300
Sora,Dusk,32,btltbl.bin,3E2C,1405,1300
Sora,Dusk,33,btltbl.bin,3E2E,0807,1800
Sora,Dusk,34,btltbl.bin,3E30,0807,1800
Sora,Dusk,35,btltbl.bin,3E32,0807,1800
Sora,Dusk,36,btltbl.bin,3E34,6009,2400
Sora,Dusk,37,btltbl.bin,3E36,6009,2400
Sora,Dusk,38,btltbl.bin,3E38,6009,2400
Sora,Dusk,39,btltbl.bin,3E3A,800C,3200
Sora,Dusk,40,btltbl.bin,3E3C,800C,3200
Sora,Dusk,41,btltbl.bin,3E3E,800C,3200
Sora,Dusk,42,btltbl.bin,3E40,CC10,4300
Sora,Dusk,43,btltbl.bin,3E42,CC10,4300
Sora,Dusk,44,btltbl.bin,3E44,CC10,4300
Sora,Dusk,45,btltbl.bin,3E46,4416,5700
Sora,Dusk,46,btltbl.bin,3E48,4416,5700
Sora,Dusk,47,btltbl.bin,3E4A,4416,5700
Sora,Dusk,48,btltbl.bin,3E4C,B01D,7600
Sora,Dusk,49,btltbl.bin,3E4E,B01D,7600
Sora,Dusk,50,btltbl.bin,3E50,B01D,7600
Sora,Dusk,51,btltbl.bin,3E52,7427,10100
Sora,Dusk,52,btltbl.bin,3E54,7427,10100
Sora,Dusk,53,btltbl.bin,3E56,7427,10100
Sora,Dusk,54,btltbl.bin,3E58,BC34,13500
Sora,Dusk,55,btltbl.bin,3E5A,BC34,13500
Sora,Dusk,56,btltbl.bin,3E5C,BC34,13500
Sora,Dusk,57,btltbl.bin,3E5E,803E,16000
Sora,Dusk,58,btltbl.bin,3E60,803E,16000
Sora,Dusk,59,btltbl.bin,3E62,803E,16000
Sora,Dusk,60,btltbl.bin,3E64,5046,18000
Sora,Dusk,61,btltbl.bin,3E66,5046,18000
Sora,Dusk,62,btltbl.bin,3E68,5046,18000
Sora,Dusk,63,btltbl.bin,3E6A,5046,18000
Sora,Dusk,64,btltbl.bin,3E6C,5046,18000
Sora,Dusk,65,btltbl.bin,3E6E,5046,18000
Sora,Dusk,66,btltbl.bin,3E70,5046,18000
Sora,Dusk,67,btltbl.bin,3E72,5046,18000
Sora,Dusk,68,btltbl.bin,3E74,5046,18000
Sora,Dusk,69,btltbl.bin,3E76,5046,18000
Sora,Dusk,70,btltbl.bin,3E78,5046,18000
Sora,Dusk,71,btltbl.bin,3E7A,5046,18000
Sora,Dusk,72,btltbl.bin,3E7C,5046,18000
Sora,Dusk,73,btltbl.bin,3E7E,5046,18000
Sora,Dusk,74,btltbl.bin,3E80,5046,18000
Sora,Dusk,75,btltbl.bin,3E82,5046,18000
Sora,Dusk,76,btltbl.bin,3E84,5046,18000
Sora,Dusk,77,btltbl.bin,3E86,5046,18000
Sora,Dusk,78,btltbl.bin,3E88,5046,18000
Sora,Dusk,79,btltbl.bin,3E8A,5046,18000
Sora,Dusk,80,btltbl.bin,3E8C,5046,18000
Sora,Dusk,81,btltbl.bin,3E8E,5046,18000
Sora,Dusk,82,btltbl.bin,3E90,5046,18000
Sora,Dusk,83,btltbl.bin,3E92,5046,18000
Sora,Dusk,84,btltbl.bin,3E94,5046,18000
Sora,Dusk,85,btltbl.bin,3E96,5046,18000
Sora,Dusk,86,btltbl.bin,3E98,5046,18000
Sora,Dusk,87,btltbl.bin,3E9A,5046,18000
Sora,Dusk,88,btltbl.bin,3E9C,5046,18000
Sora,Dusk,89,btltbl.bin,3E9E,5046,18000
Sora,Dusk,90,btltbl.bin,3EA0,5046,18000
Sora,Dusk,91,btltbl.bin,3EA2,5046,18000
Sora,Dusk,92,btltbl.bin,3EA4,5046,18000
Sora,Dusk,93,btltbl.bin,3EA6,5046,18000
Sora,Dusk,94,btltbl.bin,3EA8,5046,18000
Sora,Dusk,95,btltbl.bin,3EAA,5046,18000
Sora,Dusk,96,btltbl.bin,3EAC,5046,18000
Sora,Dusk,97,btltbl.bin,3EAE,5046,18000
Sora,Dusk,98,btltbl.bin,3EB0,5046,18000
Sora,Dusk,99,btltbl.bin,3EB2,5046,18000
Sora,Dusk,100,btltbl.bin,3EB4,5046,18000
Donald,-,2,btltbl.bin,3F88,1A00,26
Donald,-,3,btltbl.bin,3F8A,2300,35
Donald,-,4,btltbl.bin,3F8C,2F00,47
Donald,-,5,btltbl.bin,3F8E,3F00,63
Donald,-,6,btltbl.bin,3F90,5500,85
Donald,-,7,btltbl.bin,3F92,6E00,110
Donald,-,8,btltbl.bin,3F94,9600,150
Donald,-,9,btltbl.bin,3F96,C800,200
Donald,-,10,btltbl.bin,3F98,C800,200
Donald,-,11,btltbl.bin,3F9A,C800,200
Donald,-,12,btltbl.bin,3F9C,1801,280
Donald,-,13,btltbl.bin,3F9E,1801,280
Donald,-,14,btltbl.bin,3FA0,1801,280
Donald,-,15,btltbl.bin,3FA2,7201,370
Donald,-,16,btltbl.bin,3FA4,7201,370
Donald,-,17,btltbl.bin,3FA6,7201,370
Donald,-,18,btltbl.bin,3FA8,F401,500
Donald,-,19,btltbl.bin,3FAA,F401,500
Donald,-,20,btltbl.bin,3FAC,F401,500
Donald,-,21,btltbl.bin,3FAE,A802,680
Donald,-,22,btltbl.bin,3FB0,A802,680
Donald,-,23,btltbl.bin,3FB2,A802,680
Donald,-,24,btltbl.bin,3FB4,9803,920
Donald,-,25,btltbl.bin,3FB6,9803,920
Donald,-,26,btltbl.bin,3FB8,9803,920
Donald,-,27,btltbl.bin,3FBA,B004,1200
Donald,-,28,btltbl.bin,3FBC,B004,1200
Donald,-,29,btltbl.bin,3FBE,B004,1200
Donald,-,30,btltbl.bin,3FC0,4006,1600
Donald,-,31,btltbl.bin,3FC2,4006,1600
Donald,-,32,btltbl.bin,3FC4,4006,1600
Donald,-,33,btltbl.bin,3FC6,9808,2200
Donald,-,34,btltbl.bin,3FC8,9808,2200
Donald,-,35,btltbl.bin,3FCA,9808,2200
Donald,-,36,btltbl.bin,3FCC,B80B,3000
Donald,-,37,btltbl.bin,3FCE,B80B,3000
Donald,-,38,btltbl.bin,3FD0,B80B,3000
Donald,-,39,btltbl.bin,3FD2,A00F,4000
Donald,-,40,btltbl.bin,3FD4,A00F,4000
Donald,-,41,btltbl.bin,3FD6,A00F,4000
Donald,-,42,btltbl.bin,3FD8,1815,5400
Donald,-,43,btltbl.bin,3FDA,1815,5400
Donald,-,44,btltbl.bin,3FDC,1815,5400
Donald,-,45,btltbl.bin,3FDE,E81C,7400
Donald,-,46,btltbl.bin,3FE0,E81C,7400
Donald,-,47,btltbl.bin,3FE2,E81C,7400
Donald,-,48,btltbl.bin,3FE4,AC26,9900
Donald,-,49,btltbl.bin,3FE6,AC26,9900
Donald,-,50,btltbl.bin,3FE8,AC26,9900
Donald,-,51,btltbl.bin,3FEA,5834,13400
Donald,-,52,btltbl.bin,3FEC,5834,13400
Donald,-,53,btltbl.bin,3FEE,5834,13400
Donald,-,54,btltbl.bin,3FF0,5046,18000
Donald,-,55,btltbl.bin,3FF2,5046,18000
Donald,-,56,btltbl.bin,3FF4,5046,18000
Donald,-,57,btltbl.bin,3FF6,5046,18000
Donald,-,58,btltbl.bin,3FF8,5046,18000
Donald,-,59,btltbl.bin,3FFA,5046,18000
Donald,-,60,btltbl.bin,3FFC,5046,18000
Donald,-,61,btltbl.bin,3FFE,5046,18000
Donald,-,62,btltbl.bin,4000,5046,18000
Donald,-,63,btltbl.bin,4002,5046,18000
Donald,-,64,btltbl.bin,4004,5046,18000
Donald,-,65,btltbl.bin,4006,5046,18000
Donald,-,66,btltbl.bin,4008,5046,18000
Donald,-,67,btltbl.bin,400A,5046,18000
Donald,-,68,btltbl.bin,400C,5046,18000
Donald,-,69,btltbl.bin,400E,5046,18000
Donald,-,70,btltbl.bin,4010,5046,18000
Donald,-,71,btltbl.bin,4012,5046,18000
Donald,-,72,btltbl.bin,4014,5046,18000
Donald,-,73,btltbl.bin,4016,5046,18000
Donald,-,74,btltbl.bin,4018,5046,18000
Donald,-,75,btltbl.bin,401A,5046,18000
Donald,-,76,btltbl.bin,401C,5046,18000
Donald,-,77,btltbl.bin,401E,5046,18000
Donald,-,78,btltbl.bin,4020,5046,18000
Donald,-,79,btltbl.bin,4022,5046,18000
Donald,-,80,btltbl.bin,4024,5046,18000
Donald,-,81,btltbl.bin,4026,5046,18000
Donald,-,82,btltbl.bin,4028,5046,18000
Donald,-,83,btltbl.bin,402A,5046,18000
Donald,-,84,btltbl.bin,402C,5046,18000
Donald,-,85,btltbl.bin,402E,5046,18000
Donald,-,86,btltbl.bin,4030,5046,18000
Donald,-,87,btltbl.bin,4032,5046,18000
Donald,-,88,btltbl.bin,4034,5046,18000
Donald,-,89,btltbl.bin,4036,5046,18000
Donald,-,90,btltbl.bin,4038,5046,18000
Donald,-,91,btltbl.bin,403A,5046,18000
Donald,-,92,btltbl.bin,403C,5046,18000
Donald,-,93,btltbl.bin,403E,5046,18000
Donald,-,94,btltbl.bin,4040,5046,18000
Donald,-,95,btltbl.bin,4042,5046,18000
Donald,-,96,btltbl.bin,4044,5046,18000
Donald,-,97,btltbl.bin,4046,5046,18000
Donald,-,98,btltbl.bin,4048,5046,18000
Donald,-,99,btltbl.bin,404A,5046,18000
Donald,-,100,btltbl.bin,404C,5046,18000
Goofy,-,2,btltbl.bin,4120,0A00,10
Goofy,-,3,btltbl.bin,4122,0E00,14
Goofy,-,4,btltbl.bin,4124,1300,19
Goofy,-,5,btltbl.bin,4126,1B00,27
Goofy,-,6,btltbl.bin,4128,2600,38
Goofy,-,7,btltbl.bin,412A,3600,54
Goofy,-,8,btltbl.bin,412C,4C00,76
Goofy,-,9,btltbl.bin,412E,6400,100
Goofy,-,10,btltbl.bin,4130,6400,100
Goofy,-,11,btltbl.bin,4132,6400,100
Goofy,-,12,btltbl.bin,4134,9600,150
Goofy,-,13,btltbl.bin,4136,9600,150
Goofy,-,14,btltbl.bin,4138,9600,150
Goofy,-,15,btltbl.bin,413A,D200,210
Goofy,-,16,btltbl.bin,413C,D200,210
Goofy,-,17,btltbl.bin,413E,D200,210
Goofy,-,18,btltbl.bin,4140,2201,290
Goofy,-,19,btltbl.bin,4142,2201,290
Goofy,-,20,btltbl.bin,4144,2201,290
Goofy,-,21,btltbl.bin,4146,9A01,410
Goofy,-,22,btltbl.bin,4148,9A01,410
Goofy,-,23,btltbl.bin,414A,9A01,410
Goofy,-,24,btltbl.bin,414C,4402,580
Goofy,-,25,btltbl.bin,414E,4402,580
Goofy,-,26,btltbl.bin,4150,4402,580
Goofy,-,27,btltbl.bin,4152,3403,820
Goofy,-,28,btltbl.bin,4154,3403,820
Goofy,-,29,btltbl.bin,4156,3403,820
Goofy,-,30,btltbl.bin,4158,4C04,1100
Goofy,-,31,btltbl.bin,415A,4C04,1100
Goofy,-,32,btltbl.bin,415C,4C04,1100
Goofy,-,33,btltbl.bin,415E,4006,1600
Goofy,-,34,btltbl.bin,4160,4006,1600
Goofy,-,35,btltbl.bin,4162,4006,1600
Goofy,-,36,btltbl.bin,4164,9808,2200
Goofy,-,37,btltbl.bin,4166,9808,2200
Goofy,-,38,btltbl.bin,4168,9808,2200
Goofy,-,39,btltbl.bin,416A,800C,3200
Goofy,-,40,btltbl.bin,416C,800C,3200
Goofy,-,41,btltbl.bin,416E,800C,3200
Goofy,-,42,btltbl.bin,4170,9411,4500
Goofy,-,43,btltbl.bin,4172,9411,4500
Goofy,-,44,btltbl.bin,4174,9411,4500
Goofy,-,45,btltbl.bin,4176,9C18,6300
Goofy,-,46,btltbl.bin,4178,9C18,6300
Goofy,-,47,btltbl.bin,417A,9C18,6300
Goofy,-,48,btltbl.bin,417C,6022,8800
Goofy,-,49,btltbl.bin,417E,6022,8800
Goofy,-,50,btltbl.bin,4180,6022,8800
Goofy,-,51,btltbl.bin,4182,7030,12400
Goofy,-,52,btltbl.bin,4184,7030,12400
Goofy,-,53,btltbl.bin,4186,7030,12400
Goofy,-,54,btltbl.bin,4188,5C44,17500
Goofy,-,55,btltbl.bin,418A,5C44,17500
Goofy,-,56,btltbl.bin,418C,5C44,17500
Goofy,-,57,btltbl.bin,418E,5C44,17500
Goofy,-,58,btltbl.bin,4190,5C44,17500
Goofy,-,59,btltbl.bin,4192,5C44,17500
Goofy,-,60,btltbl.bin,4194,5C44,17500
Goofy,-,61,btltbl.bin,4196,5C44,17500
Goofy,-,62,btltbl.bin,4198,5C44,17500
Goofy,-,63,btltbl.bin,419A,5C44,17500
Goofy,-,64,btltbl.bin,419C,5C44,17500
Goofy,-,65,btltbl.bin,419E,5C44,17500
Goofy,-,66,btltbl.bin,41A0,5C44,17500
Goofy,-,67,btltbl.bin,41A2,5C44,17500
Goofy,-,68,btltbl.bin,41A4,5C44,17500
Goofy,-,69,btltbl.bin,41A6,5C44,17500
Goofy,-,70,btltbl.bin,41A8,5C44,17500
Goofy,-,71,btltbl.bin,41AA,5C44,17500
Goofy,-,72,btltbl.bin,41AC,5C44,17500
Goofy,-,73,btltbl.bin,41AE,5C44,17500
Goofy,-,74,btltbl.bin,41B0,5C44,17500
Goofy,-,75,btltbl.bin,41B2,5C44,17500
Goofy,-,76,btltbl.bin,41B4,5C44,17500
Goofy,-,77,btltbl.bin,41B6,5C44,17500
Goofy,-,78,btltbl.bin,41B8,5C44,17500
Goofy,-,79,btltbl.bin,41BA,5C44,17500
Goofy,-,80,btltbl.bin,41BC,5C44,17500
Goofy,-,81,btltbl.bin,41BE,5C44,17500
Goofy,-,82,btltbl.bin,41C0,5C44,17500
Goofy,-,83,btltbl.bin,41C2,5C44,17500
Goofy,-,84,btltbl.bin,41C4,5C44,17500
Goofy,-,85,btltbl.bin,41C6,5C44,17500
Goofy,-,86,btltbl.bin,41C8,5C44,17500
Goofy,-,87,btltbl.bin,41CA,5C44,17500
Goofy,-,88,btltbl.bin,41CC,5C44,17500
Goofy,-,89,btltbl.bin,41CE,5C44,17500
Goofy,-,90,btltbl.bin,41D0,5C44,17500
Goofy,-,91,btltbl.bin,41D2,5C44,17500
Goofy,-,92,btltbl.bin,41D4,5C44,17500
Goofy,-,93,btltbl.bin,41D6,5C44,17500
Goofy,-,94,btltbl.bin,41D8,5C44,17500
Goofy,-,95,btltbl.bin,41DA,5C44,17500
Goofy,-,96,btltbl.bin,41DC,5C44,17500
Goofy,-,97,btltbl.bin,41DE,5C44,17500
Goofy,-,98,btltbl.bin,41E0,5C44,17500
Goofy,-,99,btltbl.bin,41E2,5C44,17500
Goofy,-,100,btltbl.bin,41E4,5C44,17500
Tarzan,-,2,btltbl.bin,42B8,0800,8
Tarzan,-,3,btltbl.bin,42BA,0B00,11
Tarzan,-,4,btltbl.bin,42BC,1000,16
Tarzan,-,5,btltbl.bin,42BE,1700,23
Tarzan,-,6,btltbl.bin,42C0,2000,32
Tarzan,-,7,btltbl.bin,42C2,2E00,46
Tarzan,-,8,btltbl.bin,42C4,4200,66
Tarzan,-,9,btltbl.bin,42C6,5E00,94
Tarzan,-,10,btltbl.bin,42C8,5E00,94
Tarzan,-,11,btltbl.bin,42CA,5E00,94
Tarzan,-,12,btltbl.bin,42CC,8200,130
Tarzan,-,13,btltbl.bin,42CE,8200,130
Tarzan,-,14,btltbl.bin,42D0,8200,130
Tarzan,-,15,btltbl.bin,42D2,BE00,190
Tarzan,-,16,btltbl.bin,42D4,BE00,190
Tarzan,-,17,btltbl.bin,42D6,BE00,190
Tarzan,-,18,btltbl.bin,42D8,0E01,270
Tarzan,-,19,btltbl.bin,42DA,0E01,270
Tarzan,-,20,btltbl.bin,42DC,0E01,270
Tarzan,-,21,btltbl.bin,42DE,7C01,380
Tarzan,-,22,btltbl.bin,42E0,7C01,380
Tarzan,-,23,btltbl.bin,42E2,7C01,380
Tarzan,-,24,btltbl.bin,42E4,1C02,540
Tarzan,-,25,btltbl.bin,42E6,1C02,540
Tarzan,-,26,btltbl.bin,42E8,1C02,540
Tarzan,-,27,btltbl.bin,42EA,0203,770
Tarzan,-,28,btltbl.bin,42EC,0203,770
Tarzan,-,29,btltbl.bin,42EE,0203,770
Tarzan,-,30,btltbl.bin,42F0,4C04,1100
Tarzan,-,31,btltbl.bin,42F2,4C04,1100
Tarzan,-,32,btltbl.bin,42F4,4C04,1100
Tarzan,-,33,btltbl.bin,42F6,DC05,1500
Tarzan,-,34,btltbl.bin,42F8,DC05,1500
Tarzan,-,35,btltbl.bin,42FA,DC05,1500
Tarzan,-,36,btltbl.bin,42FC,9808,2200
Tarzan,-,37,btltbl.bin,42FE,9808,2200
Tarzan,-,38,btltbl.bin,4300,9808,2200
Tarzan,-,39,btltbl.bin,4302,1C0C,3100
Tarzan,-,40,btltbl.bin,4304,1C0C,3100
Tarzan,-,41,btltbl.bin,4306,1C0C,3100
Tarzan,-,42,btltbl.bin,4308,9411,4500
Tarzan,-,43,btltbl.bin,430A,9411,4500
Tarzan,-,44,btltbl.bin,430C,9411,4500
Tarzan,-,45,btltbl.bin,430E,0019,6400
Tarzan,-,46,btltbl.bin,4310,0019,6400
Tarzan,-,47,btltbl.bin,4312,0019,6400
Tarzan,-,48,btltbl.bin,4314,8C23,9100
Tarzan,-,49,btltbl.bin,4316,8C23,9100
Tarzan,-,50,btltbl.bin,4318,8C23,9100
Tarzan,-,51,btltbl.bin,431A,C832,13000
Tarzan,-,52,btltbl.bin,431C,C832,13000
Tarzan,-,53,btltbl.bin,431E,C832,13000
Tarzan,-,54,btltbl.bin,4320,4448,18500
Tarzan,-,55,btltbl.bin,4322,4448,18500
Tarzan,-,56,btltbl.bin,4324,4448,18500
Tarzan,-,57,btltbl.bin,4326,4448,18500
Tarzan,-,58,btltbl.bin,4328,4448,18500
Tarzan,-,59,btltbl.bin,432A,4448,18500
Tarzan,-,60,btltbl.bin,432C,4448,18500
Tarzan,-,61,btltbl.bin,432E,4448,18500
Tarzan,-,62,btltbl.bin,4330,4448,18500
Tarzan,-,63,btltbl.bin,4332,4448,18500
Tarzan,-,64,btltbl.bin,4334,4448,18500
Tarzan,-,65,btltbl.bin,4336,4448,18500
Tarzan,-,66,btltbl.bin,4338,4448,18500
Tarzan,-,67,btltbl.bin,433A,4448,18500
Tarzan,-,68,btltbl.bin,433C,4448,18500
Tarzan,-,69,btltbl.bin,433E,4448,18500
Tarzan,-,70,btltbl.bin,4340,4448,18500
Tarzan,-,71,btltbl.bin,4342,4448,18500
Tarzan,-,72,btltbl.bin,4344,4448,18500
Tarzan,-,73,btltbl.bin,4346,4448,18500
Tarzan,-,74,btltbl.bin,4348,4448,18500
Tarzan,-,75,btltbl.bin,434A,4448,18500
Tarzan,-,76,btltbl.bin,434C,4448,18500
Tarzan,-,77,btltbl.bin,434E,4448,18500
Tarzan,-,78,btltbl.bin,4350,4448,18500
Tarzan,-,79,btltbl.bin,4352,4448,18500
Tarzan,-,80,btltbl.bin,4354,4448,18500
Tarzan,-,81,btltbl.bin,4356,4448,18500
Tarzan,-,82,btltbl.bin,4358,4448,18500
Tarzan,-,83,btltbl.bin,435A,4448,18500
Tarzan,-,84,btltbl.bin,435C,4448,18500
Tarzan,-,85,btltbl.bin,435E,4448,18500
Tarzan,-,86,btltbl.bin,4360,4448,18500
Tarzan,-,87,btltbl.bin,4362,4448,18500
Tarzan,-,88,btltbl.bin,4364,4448,18500
Tarzan,-,89,btltbl.bin,4366,4448,18500
Tarzan,-,90,btltbl.bin,4368,4448,18500
Tarzan,-,91,btltbl.bin,436A,4448,18500
Tarzan,-,92,btltbl.bin,436C,4448,18500
Tarzan,-,93,btltbl.bin,436E,4448,18500
Tarzan,-,94,btltbl.bin,4370,4448,18500
Tarzan,-,95,btltbl.bin,4372,4448,18500
Tarzan,-,96,btltbl.bin,4374,4448,18500
Tarzan,-,97,btltbl.bin,4376,4448,18500
Tarzan,-,98,btltbl.bin,4378,4448,18500
Tarzan,-,99,btltbl.bin,437A,4448,18500
Tarzan,-,100,btltbl.bin,437C,4448,18500
Aladdin,-,2,btltbl.bin,4450,0800,8
Aladdin,-,3,btltbl.bin,4452,0B00,11
Aladdin,-,4,btltbl.bin,4454,1000,16
Aladdin,-,5,btltbl.bin,4456,1700,23
Aladdin,-,6,btltbl.bin,4458,2000,32
Aladdin,-,7,btltbl.bin,445A,2E00,46
Aladdin,-,8,btltbl.bin,445C,4200,66
Aladdin,-,9,btltbl.bin,445E,5E00,94
Aladdin,-,10,btltbl.bin,4460,5E00,94
Aladdin,-,11,btltbl.bin,4462,5E00,94
Aladdin,-,12,btltbl.bin,4464,8200,130
Aladdin,-,13,btltbl.bin,4466,8200,130
Aladdin,-,14,btltbl.bin,4468,8200,130
Aladdin,-,15,btltbl.bin,446A,BE00,190
Aladdin,-,16,btltbl.bin,446C,BE00,190
Aladdin,-,17,btltbl.bin,446E,BE00,190
Aladdin,-,18,btltbl.bin,4470,0E01,270
Aladdin,-,19,btltbl.bin,4472,0E01,270
Aladdin,-,20,btltbl.bin,4474,0E01,270
Aladdin,-,21,btltbl.bin,4476,7C01,380
Aladdin,-,22,btltbl.bin,4478,7C01,380
Aladdin,-,23,btltbl.bin,447A,7C01,380
Aladdin,-,24,btltbl.bin,447C,1C02,540
Aladdin,-,25,btltbl.bin,447E,1C02,540
Aladdin,-,26,btltbl.bin,4480,1C02,540
Aladdin,-,27,btltbl.bin,4482,0203,770
Aladdin,-,28,btltbl.bin,4484,0203,770
Aladdin,-,29,btltbl.bin,4486,0203,770
Aladdin,-,30,btltbl.bin,4488,4C04,1100
Aladdin,-,31,btltbl.bin,448A,4C04,1100
Aladdin,-,32,btltbl.bin,448C,4C04,1100
Aladdin,-,33,btltbl.bin,448E,DC05,1500
Aladdin,-,34,btltbl.bin,4490,DC05,1500
Aladdin,-,35,btltbl.bin,4492,DC05,1500
Aladdin,-,36,btltbl.bin,4494,9808,2200
Aladdin,-,37,btltbl.bin,4496,9808,2200
Aladdin,-,38,btltbl.bin,4498,9808,2200
Aladdin,-,39,btltbl.bin,449A,1C0C,3100
Aladdin,-,40,btltbl.bin,449C,1C0C,3100
Aladdin,-,41,btltbl.bin,449E,1C0C,3100
Aladdin,-,42,btltbl.bin,44A0,9411,4500
Aladdin,-,43,btltbl.bin,44A2,9411,4500
Aladdin,-,44,btltbl.bin,44A4,9411,4500
Aladdin,-,45,btltbl.bin,44A6,0019,6400
Aladdin,-,46,btltbl.bin,44A8,0019,6400
Aladdin,-,47,btltbl.bin,44AA,0019,6400
Aladdin,-,48,btltbl.bin,44AC,8C23,9100
Aladdin,-,49,btltbl.bin,44AE,8C23,9100
Aladdin,-,50,btltbl.bin,44B0,8C23,9100
Aladdin,-,51,btltbl.bin,44B2,C832,13000
Aladdin,-,52,btltbl.bin,44B4,C832,13000
Aladdin,-,53,btltbl.bin,44B6,C832,13000
Aladdin,-,54,btltbl.bin,44B8,4448,18500
Aladdin,-,55,btltbl.bin,44BA,4448,18500
Aladdin,-,56,btltbl.bin,44BC,4448,18500
Aladdin,-,57,btltbl.bin,44BE,4448,18500
Aladdin,-,58,btltbl.bin,44C0,4448,18500
Aladdin,-,59,btltbl.bin,44C2,4448,18500
Aladdin,-,60,btltbl.bin,44C4,4448,18500
Aladdin,-,61,btltbl.bin,44C6,4448,18500
Aladdin,-,62,btltbl.bin,44C8,4448,18500
Aladdin,-,63,btltbl.bin,44CA,4448,18500
Aladdin,-,64,btltbl.bin,44CC,4448,18500
Aladdin,-,65,btltbl.bin,44CE,4448,18500
Aladdin,-,66,btltbl.bin,44D0,4448,18500
Aladdin,-,67,btltbl.bin,44D2,4448,18500
Aladdin,-,68,btltbl.bin,44D4,4448,18500
Aladdin,-,69,btltbl.bin,44D6,4448,18500
Aladdin,-,70,btltbl.bin,44D8,4448,18500
Aladdin,-,71,btltbl.bin,44DA,4448,18500
Aladdin,-,72,btltbl.bin,44DC,4448,18500
Aladdin,-,73,btltbl.bin,44DE,4448,18500
Aladdin,-,74,btltbl.bin,44E0,4448,18500
Aladdin,-,75,btltbl.bin,44E2,4448,18500
Aladdin,-,76,btltbl.bin,44E4,4448,18500
Aladdin,-,77,btltbl.bin,44E6,4448,18500
Aladdin,-,78,btltbl.bin,44E8,4448,18500
Aladdin,-,79,btltbl.bin,44EA,4448,18500
Aladdin,-,80,btltbl.bin,44EC,4448,18500
Aladdin,-,81,btltbl.bin,44EE,4448,18500
Aladdin,-,82,btltbl.bin,44F0,4448,18500
Aladdin,-,83,btltbl.bin,44F2,4448,18500
Aladdin,-,84,btltbl.bin,44F4,4448,18500
Aladdin,-,85,btltbl.bin,44F6,4448,18500
Aladdin,-,86,btltbl.bin,44F8,4448,18500
Aladdin,-,87,btltbl.bin,44FA,4448,18500
Aladdin,-,88,btltbl.bin,44FC,4448,18500
Aladdin,-,89,btltbl.bin,44FE,4448,18500
Aladdin,-,90,btltbl.bin,4500,4448,18500
Aladdin,-,91,btltbl.bin,4502,4448,18500
Aladdin,-,92,btltbl.bin,4504,4448,18500
Aladdin,-,93,btltbl.bin,4506,4448,18500
Aladdin,-,94,btltbl.bin,4508,4448,18500
Aladdin,-,95,btltbl.bin,450A,4448,18500
Aladdin,-,96,btltbl.bin,450C,4448,18500
Aladdin,-,97,btltbl.bin,450E,4448,18500
Aladdin,-,98,btltbl.bin,4510,4448,18500
Aladdin,-,99,btltbl.bin,4512,4448,18500
Aladdin,-,100,btltbl.bin,4514,4448,18500
Ariel,-,2,btltbl.bin,45E8,0800,8
Ariel,-,3,btltbl.bin,45EA,0B00,11
Ariel,-,4,btltbl.bin,45EC,1000,16
Ariel,-,5,btltbl.bin,45EE,1700,23
Ariel,-,6,btltbl.bin,45F0,2000,32
Ariel,-,7,btltbl.bin,45F2,2E00,46
Ariel,-,8,btltbl.bin,45F4,4200,66
Ariel,-,9,btltbl.bin,45F6,5E00,94
Ariel,-,10,btltbl.bin,45F8,5E00,94
Ariel,-,11,btltbl.bin,45FA,5E00,94
Ariel,-,12,btltbl.bin,45FC,8200,130
Ariel,-,13,btltbl.bin,45FE,8200,130
Ariel,-,14,btltbl.bin,4600,8200,130
Ariel,-,15,btltbl.bin,4602,BE00,190
Ariel,-,16,btltbl.bin,4604,BE00,190
Ariel,-,17,btltbl.bin,4606,BE00,190
Ariel,-,18,btltbl.bin,4608,0E01,270
Ariel,-,19,btltbl.bin,460A,0E01,270
Ariel,-,20,btltbl.bin,460C,0E01,270
Ariel,-,21,btltbl.bin,460E,7C01,380
Ariel,-,22,btltbl.bin,4610,7C01,380
Ariel,-,23,btltbl.bin,4612,7C01,380
Ariel,-,24,btltbl.bin,4614,1C02,540
Ariel,-,25,btltbl.bin,4616,1C02,540
Ariel,-,26,btltbl.bin,4618,1C02,540
Ariel,-,27,btltbl.bin,461A,0203,770
Ariel,-,28,btltbl.bin,461C,0203,770
Ariel,-,29,btltbl.bin,461E,0203,770
Ariel,-,30,btltbl.bin,4620,4C04,1100
Ariel,-,31,btltbl.bin,4622,4C04,1100
Ariel,-,32,btltbl.bin,4624,4C04,1100
Ariel,-,33,btltbl.bin,4626,DC05,1500
Ariel,-,34,btltbl.bin,4628,DC05,1500
Ariel,-,35,btltbl.bin,462A,DC05,1500
Ariel,-,36,btltbl.bin,462C,9808,2200
Ariel,-,37,btltbl.bin,462E,9808,2200
Ariel,-,38,btltbl.bin,4630,9808,2200
Ariel,-,39,btltbl.bin,4632,1C0C,3100
Ariel,-,40,btltbl.bin,4634,1C0C,3100
Ariel,-,41,btltbl.bin,4636,1C0C,3100
Ariel,-,42,btltbl.bin,4638,9411,4500
Ariel,-,43,btltbl.bin,463A,9411,4500
Ariel,-,44,btltbl.bin,463C,9411,4500
Ariel,-,45,btltbl.bin,463E,0019,6400
Ariel,-,46,btltbl.bin,4640,0019,6400
Ariel,-,47,btltbl.bin,4642,0019,6400
Ariel,-,48,btltbl.bin,4644,8C23,9100
Ariel,-,49,btltbl.bin,4646,8C23,9100
Ariel,-,50,btltbl.bin,4648,8C23,9100
Ariel,-,51,btltbl.bin,464A,C832,13000
Ariel,-,52,btltbl.bin,464C,C832,13000
Ariel,-,53,btltbl.bin,464E,C832,13000
Ariel,-,54,btltbl.bin,4650,4448,18500
Ariel,-,55,btltbl.bin,4652,4448,18500
Ariel,-,56,btltbl.bin,4654,4448,18500
Ariel,-,57,btltbl.bin,4656,4448,18500
Ariel,-,58,btltbl.bin,4658,4448,18500
Ariel,-,59,btltbl.bin,465A,4448,18500
Ariel,-,60,btltbl.bin,465C,4448,18500
Ariel,-,61,btltbl.bin,465E,4448,18500
Ariel,-,62,btltbl.bin,4660,4448,18500
Ariel,-,63,btltbl.bin,4662,4448,18500
Ariel,-,64,btltbl.bin,4664,4448,18500
Ariel,-,65,btltbl.bin,4666,4448,18500
Ariel,-,66,btltbl.bin,4668,4448,18500
Ariel,-,67,btltbl.bin,466A,4448,18500
Ariel,-,68,btltbl.bin,466C,4448,18500
Ariel,-,69,btltbl.bin,466E,4448,18500
Ariel,-,70,btltbl.bin,4670,4448,18500
Ariel,-,71,btltbl.bin,4672,4448,18500
Ariel,-,72,btltbl.bin,4674,4448,18500
Ariel,-,73,btltbl.bin,4676,4448,18500
Ariel,-,74,btltbl.bin,4678,4448,18500
Ariel,-,75,btltbl.bin,467A,4448,18500
Ariel,-,76,btltbl.bin,467C,4448,18500
Ariel,-,77,btltbl.bin,467E,4448,18500
Ariel,-,78,btltbl.bin,4680,4448,18500
Ariel,-,79,btltbl.bin,4682,4448,18500
Ariel,-,80,btltbl.bin,4684,4448,18500
Ariel,-,81,btltbl.bin,4686,4448,18500
Ariel,-,82,btltbl.bin,4688,4448,18500
Ariel,-,83,btltbl.bin,468A,4448,18500
Ariel,-,84,btltbl.bin,468C,4448,18500
Ariel,-,85,btltbl.bin,468E,4448,18500
Ariel,-,86,btltbl.bin,4690,4448,18500
Ariel,-,87,btltbl.bin,4692,4448,18500
Ariel,-,88,btltbl.bin,4694,4448,18500
Ariel,-,89,btltbl.bin,4696,4448,18500
Ariel,-,90,btltbl.bin,4698,4448,18500
Ariel,-,91,btltbl.bin,469A,4448,18500
Ariel,-,92,btltbl.bin,469C,4448,18500
Ariel,-,93,btltbl.bin,469E,4448,18500
Ariel,-,94,btltbl.bin,46A0,4448,18500
Ariel,-,95,btltbl.bin,46A2,4448,18500
Ariel,-,96,btltbl.bin,46A4,4448,18500
Ariel,-,97,btltbl.bin,46A6,4448,18500
Ariel,-,98,btltbl.bin,46A8,4448,18500
Ariel,-,99,btltbl.bin,46AA,4448,18500
Ariel,-,100,btltbl.bin,46AC,4448,18500
Jack,-,2,btltbl.bin,4780,0800,8
Jack,-,3,btltbl.bin,4782,0B00,11
Jack,-,4,btltbl.bin,4784,1000,16
Jack,-,5,btltbl.bin,4786,1700,23
Jack,-,6,btltbl.bin,4788,2000,32
Jack,-,7,btltbl.bin,478A,2E00,46
Jack,-,8,btltbl.bin,478C,4200,66
Jack,-,9,btltbl.bin,478E,5E00,94
Jack,-,10,btltbl.bin,4790,5E00,94
Jack,-,11,btltbl.bin,4792,5E00,94
Jack,-,12,btltbl.bin,4794,8200,130
Jack,-,13,btltbl.bin,4796,8200,130
Jack,-,14,btltbl.bin,4798,8200,130
Jack,-,15,btltbl.bin,479A,BE00,190
Jack,-,16,btltbl.bin,479C,BE00,190
Jack,-,17,btltbl.bin,479E,BE00,190
Jack,-,18,btltbl.bin,47A0,0E01,270
Jack,-,19,btltbl.bin,47A2,0E01,270
Jack,-,20,btltbl.bin,47A4,0E01,270
Jack,-,21,btltbl.bin,47A6,7C01,380
Jack,-,22,btltbl.bin,47A8,7C01,380
Jack,-,23,btltbl.bin,47AA,7C01,380
Jack,-,24,btltbl.bin,47AC,1C02,540
Jack,-,25,btltbl.bin,47AE,1C02,540
Jack,-,26,btltbl.bin,47B0,1C02,540
Jack,-,27,btltbl.bin,47B2,0203,770
Jack,-,28,btltbl.bin,47B4,0203,770
Jack,-,29,btltbl.bin,47B6,0203,770
Jack,-,30,btltbl.bin,47B8,4C04,1100
Jack,-,31,btltbl.bin,47BA,4C04,1100
Jack,-,32,btltbl.bin,47BC,4C04,1100
Jack,-,33,btltbl.bin,47BE,DC05,1500
Jack,-,34,btltbl.bin,47C0,DC05,1500
Jack,-,35,btltbl.bin,47C2,DC05,1500
Jack,-,36,btltbl.bin,47C4,9808,2200
Jack,-,37,btltbl.bin,47C6,9808,2200
Jack,-,38,btltbl.bin,47C8,9808,2200
Jack,-,39,btltbl.bin,47CA,1C0C,3100
Jack,-,40,btltbl.bin,47CC,1C0C,3100
Jack,-,41,btltbl.bin,47CE,1C0C,3100
Jack,-,42,btltbl.bin,47D0,9411,4500
Jack,-,43,btltbl.bin,47D2,9411,4500
Jack,-,44,btltbl.bin,47D4,9411,4500
Jack,-,45,btltbl.bin,47D6,0019,6400
Jack,-,46,btltbl.bin,47D8,0019,6400
Jack,-,47,btltbl.bin,47DA,0019,6400
Jack,-,48,btltbl.bin,47DC,8C23,9100
Jack,-,49,btltbl.bin,47DE,8C23,9100
Jack,-,50,btltbl.bin,47E0,8C23,9100
Jack,-,51,btltbl.bin,47E2,C832,13000
Jack,-,52,btltbl.bin,47E4,C832,13000
Jack,-,53,btltbl.bin,47E6,C832,13000
Jack,-,54,btltbl.bin,47E8,4448,18500
Jack,-,55,btltbl.bin,47EA,4448,18500
Jack,-,56,btltbl.bin,47EC,4448,18500
Jack,-,57,btltbl.bin,47EE,4448,18500
Jack,-,58,btltbl.bin,47F0,4448,18500
Jack,-,59,btltbl.bin,47F2,4448,18500
Jack,-,60,btltbl.bin,47F4,4448,18500
Jack,-,61,btltbl.bin,47F6,4448,18500
Jack,-,62,btltbl.bin,47F8,4448,18500
Jack,-,63,btltbl.bin,47FA,4448,18500
Jack,-,64,btltbl.bin,47FC,4448,18500
Jack,-,65,btltbl.bin,47FE,4448,18500
Jack,-,66,btltbl.bin,4800,4448,18500
Jack,-,67,btltbl.bin,4802,4448,18500
Jack,-,68,btltbl.bin,4804,4448,18500
Jack,-,69,btltbl.bin,4806,4448,18500
Jack,-,70,btltbl.bin,4808,4448,18500
Jack,-,71,btltbl.bin,480A,4448,18500
Jack,-,72,btltbl.bin,480C,4448,18500
Jack,-,73,btltbl.bin,480E,4448,18500
Jack,-,74,btltbl.bin,4810,4448,18500
Jack,-,75,btltbl.bin,4812,4448,18500
Jack,-,76,btltbl.bin,4814,4448,18500
Jack,-,77,btltbl.bin,4816,4448,18500
Jack,-,78,btltbl.bin,4818,4448,18500
Jack,-,79,btltbl.bin,481A,4448,18500
Jack,-,80,btltbl.bin,481C,4448,18500
Jack,-,81,btltbl.bin,481E,4448,18500
Jack,-,82,btltbl.bin,4820,4448,18500
Jack,-,83,btltbl.bin,4822,4448,18500
Jack,-,84,btltbl.bin,4824,4448,18500
Jack,-,85,btltbl.bin,4826,4448,18500
Jack,-,86,btltbl.bin,4828,4448,18500
Jack,-,87,btltbl.bin,482A,4448,18500
Jack,-,88,btltbl.bin,482C,4448,18500
Jack,-,89,btltbl.bin,482E,4448,18500
Jack,-,90,btltbl.bin,4830,4448,18500
Jack,-,91,btltbl.bin,4832,4448,18500
Jack,-,92,btltbl.bin,4834,4448,18500
Jack,-,93,btltbl.bin,4836,4448,18500
Jack,-,94,btltbl.bin,4838,4448,18500
Jack,-,95,btltbl.bin,483A,4448,18500
Jack,-,96,btltbl.bin,483C,4448,18500
Jack,-,97,btltbl.bin,483E,4448,18500
Jack,-,98,btltbl.bin,4840,4448,18500
Jack,-,99,btltbl.bin,4842,4448,18500
Jack,-,100,btltbl.bin,4844,4448,18500
Peter Pan,-,2,btltbl.bin,4918,0800,8
Peter Pan,-,3,btltbl.bin,491A,0B00,11
Peter Pan,-,4,btltbl.bin,491C,1000,16
Peter Pan,-,5,btltbl.bin,491E,1700,23
Peter Pan,-,6,btltbl.bin,4920,2000,32
Peter Pan,-,7,btltbl.bin,4922,2E00,46
Peter Pan,-,8,btltbl.bin,4924,4200,66
Peter Pan,-,9,btltbl.bin,4926,5E00,94
Peter Pan,-,10,btltbl.bin,4928,5E00,94
Peter Pan,-,11,btltbl.bin,492A,5E00,94
Peter Pan,-,12,btltbl.bin,492C,8200,130
Peter Pan,-,13,btltbl.bin,492E,8200,130
Peter Pan,-,14,btltbl.bin,4930,8200,130
Peter Pan,-,15,btltbl.bin,4932,BE00,190
Peter Pan,-,16,btltbl.bin,4934,BE00,190
Peter Pan,-,17,btltbl.bin,4936,BE00,190
Peter Pan,-,18,btltbl.bin,4938,0E01,270
Peter Pan,-,19,btltbl.bin,493A,0E01,270
Peter Pan,-,20,btltbl.bin,493C,0E01,270
Peter Pan,-,21,btltbl.bin,493E,7C01,380
Peter Pan,-,22,btltbl.bin,4940,7C01,380
Peter Pan,-,23,btltbl.bin,4942,7C01,380
Peter Pan,-,24,btltbl.bin,4944,1C02,540
Peter Pan,-,25,btltbl.bin,4946,1C02,540
Peter Pan,-,26,btltbl.bin,4948,1C02,540
Peter Pan,-,27,btltbl.bin,494A,0203,770
Peter Pan,-,28,btltbl.bin,494C,0203,770
Peter Pan,-,29,btltbl.bin,494E,0203,770
Peter Pan,-,30,btltbl.bin,4950,4C04,1100
Peter Pan,-,31,btltbl.bin,4952,4C04,1100
Peter Pan,-,32,btltbl.bin,4954,4C04,1100
Peter Pan,-,33,btltbl.bin,4956,DC05,1500
Peter Pan,-,34,btltbl.bin,4958,DC05,1500
Peter Pan,-,35,btltbl.bin,495A,DC05,1500
Peter Pan,-,36,btltbl.bin,495C,9808,2200
Peter Pan,-,37,btltbl.bin,495E,9808,2200
Peter Pan,-,38,btltbl.bin,4960,9808,2200
Peter Pan,-,39,btltbl.bin,4962,1C0C,3100
Peter Pan,-,40,btltbl.bin,4964,1C0C,3100
Peter Pan,-,41,btltbl.bin,4966,1C0C,3100
Peter Pan,-,42,btltbl.bin,4968,9411,4500
Peter Pan,-,43,btltbl.bin,496A,9411,4500
Peter Pan,-,44,btltbl.bin,496C,9411,4500
Peter Pan,-,45,btltbl.bin,496E,0019,6400
Peter Pan,-,46,btltbl.bin,4970,0019,6400
Peter Pan,-,47,btltbl.bin,4972,0019,6400
Peter Pan,-,48,btltbl.bin,4974,8C23,9100
Peter Pan,-,49,btltbl.bin,4976,8C23,9100
Peter Pan,-,50,btltbl.bin,4978,8C23,9100
Peter Pan,-,51,btltbl.bin,497A,C832,13000
Peter Pan,-,52,btltbl.bin,497C,C832,13000
Peter Pan,-,53,btltbl.bin,497E,C832,13000
Peter Pan,-,54,btltbl.bin,4980,4448,18500
Peter Pan,-,55,btltbl.bin,4982,4448,18500
Peter Pan,-,56,btltbl.bin,4984,4448,18500
Peter Pan,-,57,btltbl.bin,4986,4448,18500
Peter Pan,-,58,btltbl.bin,4988,4448,18500
Peter Pan,-,59,btltbl.bin,498A,4448,18500
Peter Pan,-,60,btltbl.bin,498C,4448,18500
Peter Pan,-,61,btltbl.bin,498E,4448,18500
Peter Pan,-,62,btltbl.bin,4990,4448,18500
Peter Pan,-,63,btltbl.bin,4992,4448,18500
Peter Pan,-,64,btltbl.bin,4994,4448,18500
Peter Pan,-,65,btltbl.bin,4996,4448,18500
Peter Pan,-,66,btltbl.bin,4998,4448,18500
Peter Pan,-,67,btltbl.bin,499A,4448,18500
Peter Pan,-,68,btltbl.bin,499C,4448,18500
Peter Pan,-,69,btltbl.bin,499E,4448,18500
Peter Pan,-,70,btltbl.bin,49A0,4448,18500
Peter Pan,-,71,btltbl.bin,49A2,4448,18500
Peter Pan,-,72,btltbl.bin,49A4,4448,18500
Peter Pan,-,73,btltbl.bin,49A6,4448,18500
Peter Pan,-,74,btltbl.bin,49A8,4448,18500
Peter Pan,-,75,btltbl.bin,49AA,4448,18500
Peter Pan,-,76,btltbl.bin,49AC,4448,18500
Peter Pan,-,77,btltbl.bin,49AE,4448,18500
Peter Pan,-,78,btltbl.bin,49B0,4448,18500
Peter Pan,-,79,btltbl.bin,49B2,4448,18500
Peter Pan,-,80,btltbl.bin,49B4,4448,18500
Peter Pan,-,81,btltbl.bin,49B6,4448,18500
Peter Pan,-,82,btltbl.bin,49B8,4448,18500
Peter Pan,-,83,btltbl.bin,49BA,4448,18500
Peter Pan,-,84,btltbl.bin,49BC,4448,18500
Peter Pan,-,85,btltbl.bin,49BE,4448,18500
Peter Pan,-,86,btltbl.bin,49C0,4448,18500
Peter Pan,-,87,btltbl.bin,49C2,4448,18500
Peter Pan,-,88,btltbl.bin,49C4,4448,18500
Peter Pan,-,89,btltbl.bin,49C6,4448,18500
Peter Pan,-,90,btltbl.bin,49C8,4448,18500
Peter Pan,-,91,btltbl.bin,49CA,4448,18500
Peter Pan,-,92,btltbl.bin,49CC,4448,18500
Peter Pan,-,93,btltbl.bin,49CE,4448,18500
Peter Pan,-,94,btltbl.bin,49D0,4448,18500
Peter Pan,-,95,btltbl.bin,49D2,4448,18500
Peter Pan,-,96,btltbl.bin,49D4,4448,18500
Peter Pan,-,97,btltbl.bin,49D6,4448,18500
Peter Pan,-,98,btltbl.bin,49D8,4448,18500
Peter Pan,-,99,btltbl.bin,49DA,4448,18500
Peter Pan,-,100,btltbl.bin,49DC,4448,18500
Beast,-,2,btltbl.bin,4AB0,0800,8
Beast,-,3,btltbl.bin,4AB2,0B00,11
Beast,-,4,btltbl.bin,4AB4,1000,16
Beast,-,5,btltbl.bin,4AB6,1700,23
Beast,-,6,btltbl.bin,4AB8,2000,32
Beast,-,7,btltbl.bin,4ABA,2E00,46
Beast,-,8,btltbl.bin,4ABC,4200,66
Beast,-,9,btltbl.bin,4ABE,5E00,94
Beast,-,10,btltbl.bin,4AC0,5E00,94
Beast,-,11,btltbl.bin,4AC2,5E00,94
Beast,-,12,btltbl.bin,4AC4,8200,130
Beast,-,13,btltbl.bin,4AC6,8200,130
Beast,-,14,btltbl.bin,4AC8,8200,130
Beast,-,15,btltbl.bin,4ACA,BE00,190
Beast,-,16,btltbl.bin,4ACC,BE00,190
Beast,-,17,btltbl.bin,4ACE,BE00,190
Beast,-,18,btltbl.bin,4AD0,0E01,270
Beast,-,19,btltbl.bin,4AD2,0E01,270
Beast,-,20,btltbl.bin,4AD4,0E01,270
Beast,-,21,btltbl.bin,4AD6,7C01,380
Beast,-,22,btltbl.bin,4AD8,7C01,380
Beast,-,23,btltbl.bin,4ADA,7C01,380
Beast,-,24,btltbl.bin,4ADC,1C02,540
Beast,-,25,btltbl.bin,4ADE,1C02,540
Beast,-,26,btltbl.bin,4AE0,1C02,540
Beast,-,27,btltbl.bin,4AE2,0203,770
Beast,-,28,btltbl.bin,4AE4,0203,770
Beast,-,29,btltbl.bin,4AE6,0203,770
Beast,-,30,btltbl.bin,4AE8,4C04,1100
Beast,-,31,btltbl.bin,4AEA,4C04,1100
Beast,-,32,btltbl.bin,4AEC,4C04,1100
Beast,-,33,btltbl.bin,4AEE,DC05,1500
Beast,-,34,btltbl.bin,4AF0,DC05,1500
Beast,-,35,btltbl.bin,4AF2,DC05,1500
Beast,-,36,btltbl.bin,4AF4,9808,2200
Beast,-,37,btltbl.bin,4AF6,9808,2200
Beast,-,38,btltbl.bin,4AF8,9808,2200
Beast,-,39,btltbl.bin,4AFA,1C0C,3100
Beast,-,40,btltbl.bin,4AFC,1C0C,3100
Beast,-,41,btltbl.bin,4AFE,1C0C,3100
Beast,-,42,btltbl.bin,4B00,9411,4500
Beast,-,43,btltbl.bin,4B02,9411,4500
Beast,-,44,btltbl.bin,4B04,9411,4500
Beast,-,45,btltbl.bin,4B06,0019,6400
Beast,-,46,btltbl.bin,4B08,0019,6400
Beast,-,47,btltbl.bin,4B0A,0019,6400
Beast,-,48,btltbl.bin,4B0C,8C23,9100
Beast,-,49,btltbl.bin,4B0E,8C23,9100
Beast,-,50,btltbl.bin,4B10,8C23,9100
Beast,-,51,btltbl.bin,4B12,C832,13000
Beast,-,52,btltbl.bin,4B14,C832,13000
Beast,-,53,btltbl.bin,4B16,C832,13000
Beast,-,54,btltbl.bin,4B18,4448,18500
Beast,-,55,btltbl.bin,4B1A,4448,18500
Beast,-,56,btltbl.bin,4B1C,4448,18500
Beast,-,57,btltbl.bin,4B1E,4448,18500
Beast,-,58,btltbl.bin,4B20,4448,18500
Beast,-,59,btltbl.bin,4B22,4448,18500
Beast,-,60,btltbl.bin,4B24,4448,18500
Beast,-,61,btltbl.bin,4B26,4448,18500
Beast,-,62,btltbl.bin,4B28,4448,18500
Beast,-,63,btltbl.bin,4B2A,4448,18500
Beast,-,64,btltbl.bin,4B2C,4448,18500
Beast,-,65,btltbl.bin,4B2E,4448,18500
Beast,-,66,btltbl.bin,4B30,4448,18500
Beast,-,67,btltbl.bin,4B32,4448,18500
Beast,-,68,btltbl.bin,4B34,4448,18500
Beast,-,69,btltbl.bin,4B36,4448,18500
Beast,-,70,btltbl.bin,4B38,4448,18500
Beast,-,71,btltbl.bin,4B3A,4448,18500
Beast,-,72,btltbl.bin,4B3C,4448,18500
Beast,-,73,btltbl.bin,4B3E,4448,18500
Beast,-,74,btltbl.bin,4B40,4448,18500
Beast,-,75,btltbl.bin,4B42,4448,18500
Beast,-,76,btltbl.bin,4B44,4448,18500
Beast,-,77,btltbl.bin,4B46,4448,18500
Beast,-,78,btltbl.bin,4B48,4448,18500
Beast,-,79,btltbl.bin,4B4A,4448,18500
Beast,-,80,btltbl.bin,4B4C,4448,18500
Beast,-,81,btltbl.bin,4B4E,4448,18500
Beast,-,82,btltbl.bin,4B50,4448,18500
Beast,-,83,btltbl.bin,4B52,4448,18500
Beast,-,84,btltbl.bin,4B54,4448,18500
Beast,-,85,btltbl.bin,4B56,4448,18500
Beast,-,86,btltbl.bin,4B58,4448,18500
Beast,-,87,btltbl.bin,4B5A,4448,18500
Beast,-,88,btltbl.bin,4B5C,4448,18500
Beast,-,89,btltbl.bin,4B5E,4448,18500
Beast,-,90,btltbl.bin,4B60,4448,18500
Beast,-,91,btltbl.bin,4B62,4448,18500
Beast,-,92,btltbl.bin,4B64,4448,18500
Beast,-,93,btltbl.bin,4B66,4448,18500
Beast,-,94,btltbl.bin,4B68,4448,18500
Beast,-,95,btltbl.bin,4B6A,4448,18500
Beast,-,96,btltbl.bin,4B6C,4448,18500
Beast,-,97,btltbl.bin,4B6E,4448,18500
Beast,-,98,btltbl.bin,4B70,4448,18500
Beast,-,99,btltbl.bin,4B72,4448,18500
Beast,-,100,btltbl.bin,4B74,4448,18500